Timestamp,Word
30,ah
60,scuse
630,me
1760,is
2760,there
3000,a
3030,toilet
3270,nearby
3629,quickly
4200,do
4259,you
4350,mine
4470,I've
4589,got
4799,it
4950,is
5640,it
5759,nearby
5940,there's
6629,right
6990,into
7200,the
7319,green
7500,room
7740,right
7890,into
8189,the
8280,green
8490,room
19980,hey
20520,what's
20670,going
20700,on
20940,everybody
21240,for
21600,first
21840,we
21990,feast
22170,I'm
22410,Sean
22650,Evans
22770,and
23010,you're
23160,watching
23520,hot
23670,ones
23940,it's
24360,the
24510,show
24660,with
24780,hack
24930,questions
25350,and
25500,even
25560,hotter
25830,wings
26130,and
26430,it's
26790,a
26850,banner
27120,day
27420,in
27570,internet
27990,history
28200,as
28440,we
28560,open
28890,up
28980,season
29370,eight
29490,with
29640,Gordon
29970,Ramsay
30030,he's
30990,one
31230,of
31260,the
31380,world's
31470,most
31650,decorated
32279,and
32340,successful
32880,chefs
33150,with
33330,an
33420,empire
33780,that
33960,includes
34260,more
34440,than
34500,a
34620,dozen
34830,restaurants
35130,countless
35850,best-selling
36300,cookbooks
36780,and
36930,seven
37290,hit
37440,TV
37620,shows
37980,including
38300,MasterChef
39300,junior
39540,which
39809,returns
40140,to
40320,Fox
40500,this
40770,February
41280,Gordon
41970,Ramsay
42300,welcome
42750,to
42870,the
42960,show
43350,great
43800,to
43950,see
44100,you
44160,so
44820,we
44910,started
45540,hot
45750,ones
46020,about
46260,four
46590,years
46800,ago
46920,and
47190,shortly
47670,after
48000,we
48090,put
48270,up
48360,our
48480,first
48780,episode
48989,we're
49710,bombarded
50430,with
50580,requests
51239,to
51450,get
51570,Gordon
51990,Ramsay
52380,on
52470,the
52560,show
52800,and
53070,as
53520,the
53700,show
53910,has
54150,grown
54450,so
54780,too
54840,has
55200,that
55380,albatross
56010,around
56040,our
56610,necks
56910,which
57150,has
57300,followed
57780,me
57810,from
58410,the
58500,Internet
59070,to
59579,the
59670,airport
60300,to
60750,my
60870,family
61290,get-togethers
62040,so
62610,this
62850,one
63030,is
63150,very
63390,much
63540,for
64290,the
64470,fans
64920,I'm
65009,nervous
65369,in
65670,a
65759,good
65970,way
66119,but
66180,at
66420,the
66540,same
66720,time
66960,I
67020,feel
67259,like
67350,a
67410,weight
67740,has
68040,been
68070,lifted
68220,off
68640,my
68850,shoulder
69210,so
69360,I
69390,just
69570,want
69720,to
69750,say
69930,thank
70530,you
70590,for
70770,coming
70830,in
71130,today
71250,you're
71700,welcome
71759,good
72030,to
72149,see
72270,you
72330,Congrats
72630,by
72750,the
72810,way
72930,thank
73440,you
73530,very
73680,season
74009,eight
74130,amazing
74460,and
74850,I
75030,have
75210,four
75450,kids
76190,there
77190,pay
78149,me
78420,to
78660,come
78780,on
78930,this
79080,dad
79380,I
79619,want
79860,to
79920,see
80009,how
80130,good
80340,your
80490,palate
80790,is
80880,or
81090,how
81180,strong
81509,your
81660,palate
81899,is
81960,you've
82140,got
82229,a
82259,big
82440,mouth
82490,you
83490,shout
83729,and
83850,scream
83940,all
84179,day
84270,long
84450,but
84569,can
84750,you
84869,take
85050,a
85080,hot
85259,wing
85649,so
86069,finally
86550,under
87420,immense
88020,pressure
88110,from
88560,the
88649,family
88800,and
89250,a
89910,lot
90060,of
90090,supporters
90509,out
90600,there
90630,I'm
90899,here
91110,the
91560,world
91979,has
92190,pressured
92700,us
92880,into
93330,this
93479,room
93780,Gordon
94229,that
94410,is
94530,it
94710,if
94830,it
94950,all
95009,goes
95160,tits
95459,up
95550,after
95819,this
95970,it
96149,doesn't
96330,matter
96479,we
96869,may
97170,be
97500,hot
97740,ones
97979,okay
120289,okay
121289,so
121860,how
122250,long
122369,were
122430,these
122549,wings
122729,cook
122939,for
123119,oh
123649,I
124649,knew
124860,that
124890,this
125130,was
125250,gonna
125369,happen
126259,damn
127259,yeah
127560,yeah
128399,cuz
128640,a
128670,bit
128819,fucking
128970,overcooked
129590,fly
130590,eating
130800,a
130830,mouthful
131069,of
131160,fucking
131400,sand
135980,a
136840,good
137840,wing
138020,look
138349,at
138470,your
138560,arms
138770,that's
139730,a
139819,good
139970,wing
140120,right
140269,there
140420,yeah
140480,yeah
140690,but
140870,so
140989,it
141050,needs
141230,a
141290,bit
141440,meat
141620,on
141769,them
141980,things
142670,like
142849,a
142879,quail
144010,so
145010,Gordon
145250,as
145370,we
145459,mentioned
145819,in
145879,your
146000,intro
146420,MasterChef
147080,junior
147349,comes
147920,back
148250,next
148640,month
148940,one
149180,of
149209,your
149390,many
149599,shows
149870,that
150080,become
150260,a
150290,global
150680,phenomenon
151160,when
151730,you
151819,think
152090,back
152300,and
152510,all
152630,the
152750,times
153019,you've
153260,been
153290,wowed
153680,by
153709,the
153980,raw
154250,talent
154730,of
154819,a
154910,child
155209,on
155390,that
155420,show
155750,is
155930,there
156080,a
156110,story
156440,that
156590,stands
156800,out
157010,I
157510,think
158510,of
158720,some
158840,of
158930,the
159040,earlier
160040,kids
160250,now
160459,you're
161450,back
161630,on
161750,season
162049,one
162200,the
162590,other
162739,into
162890,the
163010,18
163250,19
163280,year
163760,old
164379,Alexander
165379,from
165500,season
165890,1
166069,and
166400,yeah
166730,this
166879,guy
167060,is
167330,a
167360,prolific
167870,chef
168140,he's
168290,barely
168799,19
169190,years
169340,of
169400,age
169549,and
170060,for
170510,the
170569,last
170690,five
170840,years
170900,he
171230,spent
171319,weekends
172099,and
172250,holidays
172700,in
173239,some
173810,of
173870,the
173930,most
174049,amazing
174260,restaurants
174680,across
174799,the
174890,world
175099,so
175280,I
175459,say
176120,them
176299,no
176569,mom
176780,no
176930,dad
177110,no
177709,school
177920,teacher
178130,you
178760,love
179000,me
179120,gonna
179299,hate
179450,me
179630,it's
179810,gonna
179900,be
179989,the
180079,best
180230,football
180319,coach
180590,you
180709,ever
180829,met
181040,in
181130,your
181160,life
181250,but
181790,you'll
181940,come
182060,out
182209,of
182329,this
182450,a
182690,much
183200,better
183410,cook
183739,and
184040,they
184190,do
184370,what's
185120,been
185269,the
185360,most
185450,disturbing
185900,thing
186380,that
186530,you've
186650,ever
186769,seen
187180,unnoticed
188180,or
188299,uncared-for
188810,at
189170,a
189260,restaurant
189620,and
189920,Kitchen
190250,Nightmares
190900,that's
191900,a
191930,really
192079,good
192200,question
192319,so
192860,I
193730,went
194390,into
194510,a
194989,refrigeration
195799,unit
195950,once
196340,and
196640,saw
197150,a
197180,tartar
197720,sauce
197920,three
198920,and
199010,a
199040,half
199130,years
199400,out
199579,of
199610,date
199880,how
200840,fucking
201260,dumb
201470,must
201680,you
201799,be
202010,to
202040,use
202340,this
202459,tartar
202850,sauce
202880,that's
203450,stank
203810,to
204799,use
204980,a
205010,source
205370,that's
205639,festering
206150,bubbling
206600,like
206720,something
207019,out
207109,of
207139,fucking
207410,Harry
207590,Potter
207859,that
208549,was
208790,off
209060,three
209750,years
209959,ago
211329,several
212329,Stuart
212870,littles
213139,spotted
213739,in
213859,the
213920,corner
214130,the
214220,kitchen
214519,yeah
215329,big
215780,motherfuckers
216290,not
216590,like
216709,cats
216920,I
217340,didn't
218000,know
218060,they
218180,only
218269,have
218359,cats
218690,they
218959,didn't
219260,resemble
219799,hey
219980,it
220040,was
220130,a
220160,fucking
220459,rats
220790,yeah
221239,pretty
221450,shocking
221750,from
222350,rats
222739,to
223040,mold
223630,to
224630,recently
226510,come
227510,across
227540,the
227870,restaurant
228109,with
228350,plastic
228709,cheese
228950,over
229790,nachos
230180,covered
231079,in
231410,mold
231739,you
232130,have
232160,any
232340,idea
232609,how
232760,long
232940,cheese
233450,needs
233630,to
233750,sit
233989,in
234139,a
234230,fridge
234440,that's
235130,plastic
235459,cheese
235880,to
236120,get
236209,mold
236650,fucking
237650,years
238359,yes
243040,hippie-dippie
244040,green
244250,while
244520,they
244670,smoke
244880,you
245000,might
245120,come
245270,up
245330,with
245420,these
245480,names
245660,probably
246620,opium
247070,okay
248080,hmm
249170,okay
249650,so
250400,the
250490,restaurant
250850,business
251060,is
251390,notoriously
252020,difficult
252140,with
252980,these
253130,thin
253430,margins
254030,and
254180,then
254270,of
254390,course
254480,infinite
255170,space
255410,for
255680,human
256070,error
256370,and
256640,then
257030,when
257209,you're
257420,a
257570,chef
257989,who's
258290,famous
258590,and
258980,has
259070,this
259280,large
259549,empire
260180,that
260390,goes
260600,across
260690,several
261110,continents
261560,you
262160,end
262400,up
262760,being
263150,a
263210,target
263510,for
263960,the
264080,type
264260,of
264290,Yelper
265280,or
265490,TripAdvisor
266090,comment
266600,or
266750,there's
266960,like
267020,this
267500,place
267740,is
267950,a
267980,total
268340,ripoff
268490,I
268940,could
269120,have
269210,made
269360,it
269480,for
269660,three
269900,dollars
270050,can
270920,you
270950,explain
271370,in
271550,layman's
271580,terms
272060,the
272600,basic
273050,math
273290,behind
273770,how
274010,a
274280,twenty
274550,five
274700,dollar
274730,cheeseburger
275540,might
275720,end
275870,up
275990,on
276140,a
276170,menu
276410,mmm
277040,I've
277310,seen
277640,chefs
278450,with
278980,freaking
279980,gold
280220,leaf
280430,on
280640,a
280670,burger
281030,ready
281360,to
281510,get
281660,to
281720,a
281750,hundred
281840,dollar
282110,mark
282350,which
282590,is
282740,a
282770,bit
282980,stupid
283220,really
283610,because
283790,you
283880,don't
284060,go
284300,near
284540,a
284660,fucking
284780,burger
285080,with
285320,gold
285470,leaf
285620,and
286660,white
287660,ain't
287960,that
288140,flavor
288470,so
289390,25
290390,dollar
290570,burger
290720,it's
290990,all
291080,about
291200,the
291380,patty
291890,the
292370,thickness
292760,the
293030,blend
293270,it
293810,depends
294140,on
294200,whether
294560,it's
294740,a
294800,chuck
295010,for
295100,the
295190,short
295430,rib
295580,a
295790,great
296180,brioche
296480,bun
296810,and
297260,how
298070,you
298130,lay
298280,that
298430,up
298490,with
298970,here
299690,all
299900,the
299990,trappings
300200,of
300470,a
300560,luxurious
300890,burger
301220,is
301610,there
301850,a
301880,hidden
302300,cost
302660,and
302990,running
303260,a
303350,restaurant
303530,that
303890,most
304250,diners
304640,are
304790,unaware
305030,of
305240,yeah
305930,it's
306260,called
306440,rent
306620,and
307040,labor
307220,costs
307610,two
308240,big
308510,key
308690,factors
309080,in
309200,running
309440,a
309470,successful
309500,business
311050,landlords
312400,they
313400,win
313550,either
313670,way
313760,so
314600,the
315080,more
315230,successful
315500,you
315680,are
315740,the
315800,more
315950,rent
316250,they
316910,ask
317090,for
317180,the
318140,less
318380,successful
318980,you
319340,are
319370,the
320030,more
320150,demanding
320570,of
320720,the
320960,rent
321200,so
321350,the
322040,great
322280,way
322460,of
322610,identifying
323090,a
323240,classy
323690,restaurant
323840,is
324260,being
324860,full
325070,on
325190,a
325220,Monday
325490,night
325669,Friday
326510,Saturday
326870,we'll
326990,look
327080,that'll
327800,take
327950,care
328130,of
328190,itself
328700,naturally
329300,if
329419,you
329510,can
329630,fill
329810,it
329900,Monday
330110,Tuesday
330380,Wednesday
330410,you'll
331280,not
331430,depend
331700,of
331760,the
331820,way
331910,there
333910,fucking
334910,grapefruit
335330,in
335450,hot
335600,sauce
335840,few
336830,series
337130,I
337420,know
338420,that
338600,you
338660,spent
338840,your
338930,early
339200,years
339230,studying
339710,classic
340190,French
340430,technique
340880,you're
341240,bouncing
341600,around
341660,restaurants
342530,and
342680,London
343100,and
343280,Paris
343460,working
344090,alongside
344360,some
344750,of
344780,the
344840,most
344990,influential
345440,chefs
345590,in
345950,the
346040,world
346070,so
346880,at
346970,that
347150,in
347330,mind
347630,I
347780,want
347930,to
347990,bounce
348200,some
348410,of
348500,the
348560,people
348920,some
349100,of
349160,the
349280,mentors
349670,that
349940,helped
350210,shape
350300,Gordon
350990,Ramsay
351470,into
351680,this
351800,battle-hardened
352790,perfectionist
353390,that
353480,we
353600,see
353780,today
353900,and
354260,just
354740,curious
355010,what
355130,you
355220,learned
355400,about
355520,cooking
356030,what
356210,you
356300,learned
356480,about
356630,business
356870,maybe
357290,even
357530,what
357650,you
357740,learned
357920,about
358130,life
358370,from
358580,each
358880,okay
359240,we'll
359810,start
359990,with
360080,Marco
360470,Pierre
360680,White
360800,mhm
361780,fucking
362780,phenomenon
363170,a
363400,nut
364400,buster
364850,a
365060,ballbreaker
366140,super
366650,talented
366800,chef
367220,if
367850,you
367970,thought
368150,my
368420,performance
369080,sometimes
369500,was
369710,shocking
370100,in
370190,the
370280,kitchen
370640,that
370790,was
370970,a
371150,fucking
371480,Hollywood
371600,blockbuster
372320,right
372590,there
372770,Oscar
373280,nominated
374030,Marc
374420,appear
374660,wine
375410,that
376280,guy
376400,had
376550,finesse
376850,he
377420,could
377570,close
377750,his
377930,eyes
378050,and
378230,dress
378410,a
378440,play
378650,beautifully
379130,and
379940,he
380030,could
380180,come
380330,out
380420,looking
380780,like
380810,a
380960,Gucci
381500,handbag
381860,I
381980,mean
382130,stunning
382640,how
383090,about
383210,geese
383450,of
383630,what
383810,he
384590,said
384800,what
384920,was
385040,amazing
385250,it
385640,was
385670,like
385820,this
385940,perfect
386180,Frenchman
387020,that
387170,was
387440,your
387920,hardest
388160,fuck
388520,on
388670,the
388730,outside
389120,and
389630,then
390080,you
390140,look
390290,at
390410,him
390530,it's
390740,the
390800,kind
391010,of
391100,guy
391250,that
391460,your
391730,grandma
392090,would
392270,take
392540,the
392690,fucking
392960,bingo
393410,we
393860,had
394040,one
394460,and
394580,a
394610,half
394700,days
394850,off
395000,a
395030,week
395120,that
395870,half
396200,a
396350,day
396500,if
396650,you
396740,took
396920,that
397100,half
397280,day
397580,you're
398060,fucked
398450,so
399170,he
399260,had
399380,to
399470,be
399590,in
399620,there
399980,no
400580,pay
401110,and
402130,shown
403130,willingness
403400,you
404120,have
404240,to
404330,learn
404570,and
404840,as
405230,an
405770,English
405950,cook
406130,enough
406370,education
406790,I
406850,had
406970,to
407030,bust
407180,my
407270,ass
407300,off
407570,twice
407750,as
407930,hard
408080,now
408770,yeah
409310,one
409550,of
409580,the
409700,best
409880,chefs
410030,living
410690,today
410960,and
411710,still
412100,a
412340,prominent
412700,figure
412910,nada
413630,cuisine
413960,how
414230,about
414320,Joel
414560,Robuchon
414790,Robert
415790,Sean
415970,was
416120,a
416150,taskmaster
416740,combined
418210,Marco
419210,Tony
419720,Bourdain
420730,geesa
421730,wah
421940,Alvaro
422900,all
423140,together
423410,and
423740,you've
423890,got
423920,durable
424310,shop
424550,because
425450,you
426050,know
426140,and
426800,the
426920,outside
427220,world
427400,it
427640,was
427730,this
427820,incredible
428620,successful
429620,genius
430010,but
430700,behind
431000,the
431180,scenes
431210,oh
431600,my
431990,god
432290,you
432770,know
432890,from
433220,raviolis
433700,flying
433970,over
434180,your
434240,head
434300,to
434570,fucking
434840,copper
435020,pans
435290,to
435530,I
435740,used
436310,to
436370,see
436550,ducks
436820,flying
437150,from
438020,one
438050,end
438230,of
438260,the
438350,case
438440,of
438560,the
438620,other
438740,thinking
439070,that
439220,just
439430,reborn
439790,the
439910,fucking
440180,wings
440450,the
441080,only
441200,thing
441350,was
441470,missing
441560,with
441830,the
441890,feathers
442190,I
442370,remember
442970,me
443030,telling
443420,me
443540,that
443690,the
443750,best
443870,thing
443990,ever
444230,happened
444350,to
444560,was
444740,a
444770,shit
445010,that
445130,ran
445250,down
445280,my
445460,mother's
445670,leg
445790,when
445910,she
445940,gave
446060,birth
446120,to
446330,me
446510,how
447170,did
447290,you
447350,get
447470,up
447560,in
447650,the
447680,morning
447980,concentrate
448430,and
448550,work
448700,the
448820,next
448940,day
449060,on
449240,that
449390,one
449540,then
449750,so
450470,for
451100,all
451160,those
451310,beautiful
451610,Millennials
452120,and
452300,snowflakes
452690,out
452840,there
452990,trust
453260,me
453380,the
454160,more
454370,you
454520,get
454670,pushed
454940,the
455510,thicker
455750,your
455900,skin
456170,they're
456320,picking
456590,your
456680,skin
457190,trust
457700,me
457880,the
458030,higher
458210,you
458330,go
461660,cheaver
462660,goal
462900,from
463050,where
463260,out
463650,of
463710,New
463950,Jersey
464010,rights
464670,to
465000,a
465030,gold
465270,and
465630,you
466290,mind
466470,if
466560,I
466650,sponsor
467040,the
467130,wings
467310,getting
467580,forwarded
467910,is
467970,like
468090,pay
468330,for
468510,some
468630,fucking
468870,decent
469110,meat
469200,on
469290,those
469520,that
470520,would
470580,be
470700,a
470730,dream
470940,come
471000,true
471330,for
471360,us
472460,there's
473460,a
473520,trade
473760,emails
473910,we'll
474570,trade
474780,emails
475460,South
476460,nippy
476760,at
476850,the
476910,beginning
477120,is
477540,like
477600,nip
477930,nip
478050,nip
478230,immediately
478860,so
479130,it's
479250,not
479340,a
479840,it's
480840,fine
481020,no
481230,mm-hmm
482010,it's
482610,not
482730,super
483000,hot
483180,so
484170,with
484290,your
484410,many
484560,best-selling
485040,cookbooks
485640,than
485850,your
485970,how-to
486180,tutorials
486990,online
487200,you've
487800,inspired
488190,a
488370,generation
488400,maybe
489210,several
489750,how
490050,to
490110,up
490350,their
490590,food
490830,game
491130,but
491340,today
491610,we
492120,want
492210,to
492330,give
492420,a
492450,lesson
492720,to
493020,the
493140,spice
493470,Lords
493890,can
494430,you
494550,break
494760,down
495030,the
495300,perfect
495870,Gordon
496470,Ramsay
496890,at
497070,home
497460,burger
497910,and
498030,describe
498360,how
498480,to
498540,make
498750,it
498900,as
499050,much
499230,detail
499560,as
499650,possible
499710,yeah
500840,so
501840,for
502830,me
502950,it's
503070,about
503100,that
503340,blend
503550,I
503790,would
504540,go
504920,sixty
505920,ground
506160,beef
506880,ten
507540,percent
507870,fat
508260,blend
509160,that
509340,with
509610,Tim
509820,sent
510060,Chuck
510270,and
510590,then
511590,I
511980,would
512430,do
512850,almost
513510,like
513720,a
513840,luxurious
514650,for
514980,it
515160,in
515370,there
515700,and
515850,then
516240,the
516360,last
516540,parts
516900,somewhat
517410,lean
517590,so
518370,a
518400,bit
518730,of
518760,a
518880,tri-tip
519120,in
519450,there
519630,in
519810,a
519900,way
520020,that
520230,it
520410,sort
520710,of
520740,holds
520920,that
521190,thing
521370,together
521520,so
521850,it's
522240,tight
522920,the
523920,cedar
524100,of
524250,great
524400,burgers
524760,in
524850,the
524940,seasoning
525300,and
525500,so
526500,to
526890,many
527010,people
527220,make
527310,the
527340,burger
527730,but
528630,they
528900,don't
529170,season
529680,it
529800,properly
530190,so
530910,season
531420,this
531510,thing
531750,chili
532560,flakes
532830,garlic
533070,powder
533760,salt
534480,pepper
536570,severe
537570,seared
538110,strong
538710,Kara's
539370,Asian
539640,on
539760,top
539940,and
540180,then
540450,it's
540720,the
540810,basting
541140,and
541290,so
541950,once
542100,you've
542220,caramelized
542700,that
542880,burger
543210,on
543300,top
543570,don't
543870,worry
544020,about
544110,it
544530,still
544890,being
545100,raw
545310,inside
545640,you
546180,baste
546450,because
546840,as
546960,you
547050,base
547290,that
547320,the
548010,butter
548220,it
548520,seeps
548910,through
549030,and
549570,become
549870,so
550050,much
550110,more
550290,richer
550680,the
550980,fat
551220,camera
551580,Liza's
551850,on
551940,top
552090,of
552180,the
552240,burgers
552540,the
552690,flavor
552930,layers
553260,beautiful
553770,brioche
554490,bun
554700,beauty
555210,toasted
555600,and
555750,then
556260,bait
556470,so
556920,not
557100,is
557250,it
557370,toasted
557640,but
557790,it
558060,holds
558290,substantially
559290,all
559590,those
559770,juices
560130,the
561060,most
561330,important
561660,thing
561780,about
561840,a
561930,burger
562230,let
562860,that
563010,thing
563280,rest
563520,before
563850,you
563940,bite
564090,into
564300,it
564560,and
565560,that's
565710,what
565800,happens
566130,sometimes
566250,they
566580,cook
566730,the
566850,burger
567090,they
567210,buying
567390,a
567540,meal
567660,it's
567870,our
568020,man
568350,it's
568560,all
568680,pissing
569250,out
569430,yeah
569730,let
570000,it
570090,rest
570300,let
570930,it
571050,sit
571230,inside
571560,there
571970,and
572970,then
573120,stack
573360,of
573480,usually
579370,so
580370,you
580430,made
580610,this
580760,one
581000,and
581240,it's
582110,out
582200,fucking
582530,day
582680,2017
583550,can't
583820,you
583880,afford
583940,fucking
584390,sourcing
584780,dates
584990,oh
585230,no
585920,I
585950,just
586100,stage
586910,battles
587300,oh
587450,is
587750,that
587900,good
588080,yeah
588430,bullshit
593110,here
594110,we
594200,go
594740,so
597310,where's
598310,my
598430,nice
598610,I
598850,like
599450,that
599600,you
600050,do
600200,yeah
600560,that's
600770,quite
600860,zesty
601340,that's
601730,that's
602000,fruity
602390,I
602450,like
602630,that
602750,smug
603620,Serrano
603980,some
604550,more
604760,engine
605120,there
606790,yeah
607790,I
608000,mean
608210,I'm
608270,not
608330,too
608450,sure
608570,about
608600,apricot
609080,but
612580,big
613580,big
614330,that's
615170,good
615410,image
616250,now
616670,it's
616790,getting
616970,hotter
617120,you
617720,know
617780,yeah
618140,little
618410,bit
618470,is
618620,sort
618830,of
620260,starting
621260,to
621290,move
621500,on
621680,the
621770,armpits
622100,I'm
622220,sweating
622580,that's
622940,how
623060,we
623120,do
623360,it
623480,here
623570,Gordon
623960,Gordon
624770,we
624920,have
625010,a
625040,recurring
625340,segment
625460,on
625700,our
625730,show
625940,called
626150,explain
626420,that
626540,Graham
626780,where
626930,we
626990,do
627080,a
627110,deep
627320,dive
627350,and
627530,I
627710,guess
627860,Instagram
628310,pull
628490,interesting
628970,pictures
629270,that
629420,need
629570,more
629750,context
630230,yes
630320,I'll
630470,bust
630740,out
630920,the
631130,laptop
631310,I'll
631790,show
632060,you
632150,the
632240,picture
632570,so
632900,you
633110,just
633290,tell
633380,me
633500,the
633590,bigger
633770,story
634070,does
634220,that
634370,sound
634520,good
634790,yes
635360,sir
635660,I
636820,do
638050,brilliant
639050,Judy's
639290,diving
639590,people
639800,talking
640010,Instagram
640340,what's
640490,wrong
640640,with
640730,you
641030,do
641270,you
641360,go
641480,for
641660,another
643810,okay
644810,Gordon
645200,first
645650,things
645980,first
646550,do
647030,you
647180,remember
647390,this
648290,meeting
648680,of
648980,the
649130,minds
649430,courtside
650270,at
650390,the
650420,lakers
650870,game
650960,you
651320,David
651740,Beckham
652130,and
652280,Kobe
652610,Bryant
652720,yeah
653720,I
654490,got
655490,absolutely
655700,fucked
656240,there
656470,really
657470,yeah
657800,because
657980,five
658340,minutes
658580,prior
658760,to
658820,that
659030,I
659240,threw
659750,the
659870,first
660020,ball
660290,out
660440,of
660500,the
660590,Dodger
660770,Stadium
661060,the
662060,game
662240,was
662420,so
662540,fucking
662840,boring
663080,DB
664040,takes
664280,place
664430,a
664520,cleansing
664730,basketball
665300,so
665450,I
665480,went
665630,to
665660,the
665780,basket
666050,way
666110,I
666260,got
666500,into
666650,such
667040,trouble
667510,because
668510,you
668570,can't
668780,go
668930,from
669050,throwing
669290,the
669380,first
669560,pitch
669740,out
670010,then
670190,go
670370,and
670460,watching
670700,the
670790,fucking
670990,basketball
672020,ten
672230,minutes
672440,later
672530,can
672980,you
673130,well
674060,you
674210,again
674450,yeah
674840,no
675290,not
675830,good
676070,and
676250,so
676670,yes
677630,at
677900,ringside
678170,there
678710,it
679640,was
679790,the
679880,first
680060,time
680210,in
680300,my
680360,life
680510,or
680720,six
680900,for
680990,two
681170,I
681200,felt
681440,like
681530,a
681560,short
681830,us
681980,it
682760,was
682940,fucking
683390,7-foot
683840,tall
683870,it's
684590,no
684710,longer
684860,down
685130,there
685340,it's
685520,like
685640,shit
686470,so
687470,loved
688250,the
688280,game
688580,and
689320,yeah
690470,Kobe
690740,one
690890,athlete
691250,Jesus
691640,incredible
692480,do
692960,you
693020,remember
693320,this
693590,lunch
694010,service
694340,at
694700,Downing
695000,Street
695210,with
695750,Tony
695990,Blair
696410,and
696560,Vladimir
696980,Putin
697370,yeah
698210,I
698450,mean
698690,quite
698840,honestly
698900,probably
699620,the
700160,first
700520,time
700760,as
700940,a
700970,chef
701270,I
701480,still
701720,between
701900,two
702170,guys
702380,customers
703220,actually
703820,shat
704240,myself
704470,thinking
705470,this
705650,could
705830,go
705950,off
706070,any
706190,minute
707440,entering
708440,down
708620,these
708770,streets
708980,getting
709910,pelted
710180,by
710410,see
711410,if
711470,their
711650,supporters
712490,outside
712670,they're
713090,anti-putin
713690,and
714170,anti
714410,flan
714760,ever
715760,since
716030,that
716090,day
716210,I've
716480,never
716690,got
716810,involved
716990,in
717140,politics
717470,right
717770,based
718490,on
718670,that
718760,lunch
719300,you
720020,mentioned
720410,turning
721160,one
721280,of
721370,those
721460,leaders
721880,ill
722210,based
722930,on
723200,a
723230,funky
723860,and
723980,bad
724100,oyster
724550,or
724850,a
725090,shit
725510,chicken
725839,wing
725990,we
726500,didn't
726710,serve
726860,tickling
727190,his
727280,there
727370,by
727490,the
727550,way
728000,I
728750,did
729020,the
729080,most
729200,amazing
729290,paramos
730040,to
730130,sea
730280,bass
730460,with
730610,a
730700,computer
731000,martyr
731210,and
731360,a
731390,beautiful
731690,shellfish
732080,vinaigrette
732770,and
733040,we
733310,finished
733550,with
733640,a
733700,Bakewell
733970,tart
734000,so
734510,I
734540,remember
734780,the
734870,menu
735080,you
735740,know
735830,as
736520,if
736640,it's
736790,last
736970,week
737180,powerful
738080,lunch
738260,but
738830,couldn't
739130,wait
739220,to
739370,get
739460,the
739610,fuck
739850,out
740030,there
751040,yeah
751579,okay
752089,that's
752570,hot
752779,now
753160,tingling
754160,them
754310,again
754519,yeah
754880,in
755570,the
755690,back
755899,half
756170,here
756440,mm-hmm
756860,yeah
758560,yeah
759589,hmm
760750,okay
762250,so
763250,we've
763370,talked
763610,a
763699,lot
763820,about
764000,your
764209,tangible
764779,accomplishment
765680,yes
765769,Michelin
766399,stars
766760,TV
767449,ratings
767899,yeah
768079,I'm
768199,curious
768529,about
768860,some
769220,of
769310,the
769370,more
769550,unusual
769899,highlights
770899,and
771170,lowlights
771350,from
771800,your
771949,life
772160,of
772850,the
773120,following
773660,daredevil
774230,moments
774680,which
774829,was
775010,more
775160,intense
775519,hunting
776329,down
776420,a
776480,Burmese
776930,python
777130,butchering
778130,a
778220,wild
778519,boar
778790,are
779060,tracking
779600,down
779779,puffins
780380,in
780529,Iceland
781449,yeah
782449,I
782480,have
782630,to
782750,say
782779,tracking
783260,down
783350,puffins
783769,in
783889,Iceland
784220,let
784310,me
784399,know
784490,via
784519,this
784790,is
784910,how
785000,this
785149,country
785480,lived
785930,yeah
786139,four
786620,four
786829,four
787190,four
787220,decades
787970,that
788540,level
789050,of
789170,protein
789589,across
789980,those
790130,winter
790519,months
790760,is
790850,brutal
791240,so
792220,sort
793220,of
793310,hanging
794269,off
794480,a
794510,600
795380,meter
795529,high
796100,cliff
796399,with
797180,a
797209,rope
797449,and
797630,a
797779,fucking
798410,net
798649,catching
799190,this
799279,furry
799519,bird
799820,to
800630,eat
800779,and
801079,I
801589,made
802579,this
802699,amazing
803209,dish
803839,puck
804440,that's
804620,hot
804829,that
804980,thing
805160,by
805279,the
805339,way
805399,shit
806240,it
806720,started
807019,to
807079,come
807170,true
807380,now
807529,what
807709,you're
807800,laughing
807889,at
811240,yeah
812240,it's
812630,a
812750,big
812990,deep
813110,breath
813139,so
813529,and
813829,I
814250,made
814519,this
814639,amazing
814930,puffin
815980,salad
817060,made
818060,this
818209,bread
818779,yeah
819709,and
820399,improved
820819,it
821000,in
821149,this
821620,active
822620,volcano
823370,in
823399,Iceland
824000,dug
824810,the
824959,hole
825079,stuck
825709,it
825829,in
825949,amongst
826100,these
826310,rocks
826690,came
827690,back
827810,the
827899,next
828079,day
828139,and
828500,fucking
829190,bed
829370,was
829519,nicked
829730,someone
830089,stole
830240,it
830620,so
831620,I'm
831680,still
831860,looking
832100,for
832250,that
832279,Viking
832819,that
833000,stole
833209,that
833329,fucking
833510,amazing
833899,loaf
834260,of
834380,bread
834589,bastards
843220,oh
843870,yeah
845880,yeah
848040,okay
849040,yeah
849760,nice
850270,moving
850600,yeah
851050,yeah
851410,also
851740,it's
851980,just
852040,a
852190,little
852400,bit
852690,it's
853690,not
853840,time
856110,not
857110,good
857260,that
857380,one
857500,is
857800,it
857980,it's
858280,a
858400,tough
858670,one
858880,yeah
859120,sort
859330,of
859390,one
859510,also
859750,it's
859930,us
860110,mm-hmm
862540,so
862780,when
863350,people
863560,have
863740,reached
864070,their
864310,peak
864340,in
864790,a
864850,profession
865360,whether
865540,it's
865720,Kobe
865990,Bryant
866530,I
866710,think
867070,that's
867220,uh
867460,I
867730,feel
868690,like
868810,that
868900,burning
869350,a
869410,new
869590,ring
869770,on
869890,my
870010,fucking
870280,ass
872400,you
873400,and
873580,I
873670,both
873880,Gordon
874420,III
874960,on
875170,this
875380,one
875590,now
875860,I
875890,know
876130,this
876460,song
876970,means
877150,Ring
877420,of
877510,Fire
877570,was
878260,that
878440,Johnny
878590,Cash
878800,I
879100,won
879880,in
879970,this
880060,fuckin
880510,seat
880780,there's
881440,nothing
881680,coming
881860,through
882100,so
882310,we're
882430,okay
882850,all
883150,right
883300,but
883480,everybody
883840,in
883960,production
884470,be
885100,ready
885340,okay
885600,yeah
886600,ring
886810,a
886900,fire
887110,holy
887650,fuck
888220,yeah
888430,asshole
888790,is
889570,somebody
889990,with
890200,a
890230,foot
890620,in
890770,both
890830,worlds
891040,who's
891850,more
892090,insufferable
892390,TV
893050,critics
893380,or
893530,restaurant
893860,critics
894190,the
895000,both
895150,come
895360,from
895390,the
895540,same
895690,cloth
895870,to
896620,the
896710,both
896860,standing
897220,staring
897370,I
897520,wish
897760,they
897880,could
897910,be
898120,you
898270,so
898930,fuck
899140,you
899230,take
899440,on
899560,the
899650,chin
899830,chin
900760,please
900850,you
901030,in
901060,the
901150,same
901300,pot
901510,well
902080,you
902200,know
902350,it
902680,seems
903070,like
903340,on
903520,paper
903880,at
904150,least
904180,that
904660,you
904810,would
904930,enjoy
905080,the
906070,linguistic
906850,flair
907300,of
907570,a
907810,good
908050,take
908410,down
908680,so
909280,I'm
909370,curious
909640,I
909910,want
910060,to
910120,hit
910300,you
910480,with
910600,a
910660,few
911020,infamously
911770,savage
912460,restaurant
912970,reviews
913300,and
913420,I'm
913480,just
913630,curious
913900,how
914110,about
914470,your
914920,ear
915190,from
916030,an
916330,insult
916870,level
917200,before
917380,you
917560,go
917740,there
918010,I
918190,remember
918670,once
918910,the
919630,unique
919840,standard
920080,years
920410,ago
920590,when
920680,I
920740,first
920860,opened
921070,and
921790,this
921940,amazing
922240,food
922660,critic
922990,described
923410,one
923650,of
923680,my
923830,dish
924010,yeah
924460,I
924490,scored
924970,it
925090,you
925240,know
925300,shit
925630,yeah
925810,looking
926470,like
926620,toxic
927430,scum
927940,on
928030,a
928120,stagnant
928420,pool
928660,I'm
928960,like
929140,fucking
929770,really
930250,that's
931000,how
931180,you
931240,describe
931450,my
931810,fucking
932260,dish
932470,toxic
932980,skull
933490,in
933580,a
933640,stagnant
933880,pool
934210,shit
934990,did
935830,I
935890,really
936220,hurt
936400,you
936520,that
936550,much
936750,let
937750,me
937870,bounce
938080,this
938320,one
938500,off
938650,of
938800,lace
938980,from
939190,Jay
939520,Rayner
939790,writing
940540,for
940690,The
940750,Guardian
940930,in
941290,2013
942010,he
942130,said
942340,of
942430,the
942550,muscles
943000,at
943360,Leon
943660,de
943810,Brussels
944200,in
944320,London
944680,the
945370,meat
945580,inside
945700,the
946000,shells
946240,is
946420,small
946690,and
946810,shriveled
947200,and
947350,dry
947560,each
947890,shell
948190,contains
948610,what
948760,looks
948940,like
949000,the
949089,retracted
949690,scrotum
950170,of
950290,a
950350,hairless
950710,cat
950770,Wow
952000,so
952420,that's
952630,savage
953050,right
953260,yeah
953710,so
954430,we
954580,can't
954850,talk
955000,about
955060,quitting's
955600,like
955690,that
955839,but
955960,they
956020,can
956140,talk
956260,about
956350,us
956560,like
956710,that
956920,I'm
957130,a
957190,firm
957490,believer
957520,in
957880,keeping
958210,it
958300,professional
958450,but
958870,not
958990,personal
959500,so
959770,I
960040,had
960610,a
960640,run-in
960880,once
961180,with
961330,a
961360,critic
961750,and
961930,unfortunately
962380,asked
962530,him
962620,to
962710,leave
963450,but
964450,fuck
965050,my
965170,heart's
965470,beating
965800,as
965920,well
966070,like
966250,fucking
966640,the
966700,drum
967089,what
967270,is
967360,going
967600,on
967630,with
967780,these
967839,fucking
968290,wings
968470,did
968740,you
968830,make
968980,this
969070,sauce
969310,this
969970,next
970240,one
970420,is
970570,from
970690,Pete
970960,Welles
971230,in
971530,the
971620,New
971740,York
971860,Times
971950,Guy
972880,Fieri's
973300,restaurant
973330,in
973780,Times
974020,Square
974460,why
974940,is
975000,one
975210,of
975300,the
975390,few
975570,things
975750,on
975960,your
976080,menu
976350,that
976470,can
976560,be
976649,eaten
976920,without
976980,fear
977460,regret
977850,called
978089,a
978180,roasted
978600,pork
978870,Bonnie
979380,when
979589,it
979680,resembles
980190,that
980250,item
980730,about
981029,as
981180,much
981330,as
981510,you
981660,resemble
982020,Emily
982529,Dickinson
983130,jesus
983820,christ
984270,almighty
984540,a
984839,good
985020,morning
985410,glad
985890,you've
986070,had
986250,a
986279,fucking
986760,great
986970,day
987180,I
987990,know
988470,guy
988860,but
989760,any
990000,chef
990300,that
990450,turns
990660,around
990779,puts
991140,a
991200,donkey
991620,sauce
991830,on
992010,his
992070,fucking
992430,menu
992610,gonna
992910,get
993029,a
993060,kick
993240,in
993420,ok
994140,cuz
995010,if
995130,my
995279,wife
995459,was
995640,sat
995790,there
995940,thinking
995970,sweetheart
996959,have
997200,the
997290,ribs
997500,with
998190,the
998279,donkey
998640,sauce
998940,it
999810,doesn't
1000140,quite
1000200,ring
1000529,well
1000770,does
1000950,it
1001089,you
1002089,know
1002180,shit
1002899,happens
1002930,take
1003860,it
1004100,ok
1004820,and
1004850,shut
1005630,the
1005720,fuck
1005930,up
1005959,and
1006350,then
1006770,one
1007250,more
1007610,at
1007940,the
1008360,risk
1008690,of
1008810,being
1008990,a
1009140,bit
1009350,cheeky
1009380,yes
1010310,Owen
1010520,is
1010670,from
1010820,the
1010940,late
1011149,Sunday
1011540,Times
1011750,writer
1012080,a
1012260,a
1012320,go
1012740,about
1012920,your
1013070,own
1013250,restaurant
1013850,aubergine
1014300,in
1014570,the
1014660,90s
1015050,the
1015529,chef
1015800,is
1015950,a
1015980,failed
1016250,sportsman
1016790,who
1016850,acts
1017060,like
1017120,an
1017330,11
1017570,year
1017810,old
1017980,fuck
1018980,him
1019160,fuck
1021670,him
1026640,yeah
1027640,I
1027820,didn't
1028120,realize
1028240,coming
1028600,the
1028660,hot
1028780,ones
1028930,I'll
1029080,leave
1029260,you
1029380,fucking
1029680,free
1029830,ourselves
1030480,yeah
1031480,I
1031510,mean
1031750,Jesus
1032050,Christ
1032320,nice
1032650,I
1032770,have
1032890,a
1032920,fucking
1033130,you
1033400,can
1033580,now
1033670,put
1033850,a
1033970,label
1034090,on
1034210,that
1034330,fucking
1034660,thing
1034690,Jimmy
1035110,huh
1035590,it
1036400,haunts
1036670,my
1036760,dreams
1037180,yeah
1037450,I
1037630,mean
1037750,the
1038050,wings
1038230,are
1038350,getting
1038530,fucking
1038860,smaller
1039130,and
1039220,smaller
1039430,now
1039610,they
1039730,look
1039850,like
1039910,my
1040090,fucking
1040360,granddad's
1040750,no
1040930,fucking
1041320,these
1041890,fucking
1042280,big
1042490,toe
1042700,how'd
1043480,you
1043630,get
1043750,a
1043780,chicken
1044020,wheel
1044200,it
1044290,looks
1044320,like
1044530,my
1044590,granddad
1044890,picked
1045160,oh
1045310,wait
1045970,till
1046120,you
1046180,buy
1046270,into
1046540,it
1046570,it
1047530,tastes
1047770,like
1047920,your
1048040,grandfather's
1048490,big
1048670,toe
1059430,shit
1060460,yeah
1061350,that's
1062350,like
1062560,fucking
1062920,sticking
1063460,your
1063520,tongue
1063700,in
1063850,a
1063940,fucking
1064330,plate
1064960,of
1065110,acid
1065770,mm-hmm
1066430,Jesus
1067150,Christ
1067780,yes
1067960,what's
1068530,the
1068620,fuck's
1069040,gonna
1069160,happen
1069430,tomorrow
1069550,we're
1069820,back
1069850,behind
1070150,the
1070330,line
1070510,tasting
1071230,and
1071320,perfecting
1071830,right
1072280,the
1072370,fuck
1072550,you
1072640,gonna
1072700,be
1072910,tomorrow
1073240,I
1073420,mean
1073540,not
1073720,to
1073810,coinage
1075600,shit
1076600,I'll
1076960,be
1077200,in
1077290,town
1077500,I'll
1077740,be
1077860,in
1077950,town
1078160,Gordon
1078670,and
1079120,you're
1080080,never
1080320,one
1080650,to
1081160,mince
1081460,words
1081580,when
1082570,it
1082690,comes
1082990,to
1083260,items
1083620,that
1083710,don't
1083950,reach
1084160,your
1084310,culinary
1084550,standards
1085210,whether
1085450,it's
1085660,your
1085750,hub
1086050,food
1086380,that's
1086650,laced
1087010,in
1087250,truffle
1087730,oil
1087910,our
1088690,tasting
1089230,menus
1089560,overrun
1090220,with
1090400,foams
1090790,but
1091150,how
1091660,does
1091720,Gordon
1091990,Ramsay
1092500,feel
1092740,about
1092980,some
1093220,of
1093280,the
1093370,2018
1093880,food
1094420,trends
1094960,that
1095290,have
1095350,been
1095440,bubbling
1095950,up
1096220,across
1096580,social
1096880,media
1097440,we'll
1098440,find
1098770,out
1099010,today
1099970,Steven
1100800,laptop
1101800,please
1103440,Gordon
1104610,how
1105610,are
1105640,you
1105760,doing
1106000,my
1106120,man
1107340,now
1108340,feel
1108610,like
1108640,I
1108760,just
1108820,swallowed
1109210,a
1109300,fucking
1109660,mouthful
1109990,of
1110020,bandages
1111450,do
1112450,you
1112540,have
1112690,any
1112990,thoughts
1113440,on
1113770,this
1114370,black
1114700,foods
1115120,trend
1115570,known
1115900,as
1116050,goth
1116350,foods
1116710,everything
1117220,from
1117430,jet
1117760,black
1118090,ice
1118420,cream
1118810,to
1119020,all
1119200,black
1119560,burger
1120160,buns
1120400,made
1120700,with
1120880,activated
1121570,charcoal
1121960,Oh
1126240,fucking
1127240,out
1127450,really
1129000,shit
1130330,I'm
1130480,now
1130720,fucking
1131050,crying
1131500,over
1131860,fucking
1132340,wing
1132900,and
1135090,man
1136090,that's
1136360,fucking
1136540,hot
1136810,yeah
1137250,so
1138250,charcoal
1139180,foods
1141750,shit
1143080,that's
1143950,hot
1144220,uh-huh
1147090,how
1148090,am
1148150,I
1148210,gonna
1148360,go
1148480,to
1148539,the
1148600,toilet
1148750,later
1149289,you
1150250,know
1150370,it's
1150970,an
1151059,adventure
1151299,for
1151570,everyone
1151840,here
1152080,for
1152230,on
1152320,the
1152440,ice
1158429,so
1159870,do
1160870,I
1160929,really
1160990,want
1161320,to
1161380,take
1161530,my
1161559,daughter's
1162010,for
1162100,an
1162160,ice
1162250,cream
1162460,and
1162580,eat
1162669,fucking
1162940,charcoal
1163510,with
1163630,vinegar
1163929,not
1164200,really
1164500,no
1164789,so
1165789,these
1165910,guys
1166120,developing
1166630,this
1166750,shit
1166900,got
1167049,too
1167200,much
1167350,fucking
1167620,time
1167740,on
1167890,the
1167950,hands
1168240,do
1169240,you
1169330,have
1169570,any
1169780,thoughts
1170260,and
1170980,this
1171910,which
1172179,is
1172330,the
1172450,spaghetti
1172840,doughnut
1174659,how
1175659,fucking
1176080,stupid
1176289,really
1177280,a
1177580,spaghetti
1178539,don't
1179049,get
1179530,fucking
1180010,real
1180159,with
1180340,you
1180490,well
1180940,if
1181059,you
1181179,think
1181360,that's
1181630,stupid
1182350,do
1182500,you
1182559,have
1182650,any
1182860,thoughts
1183130,on
1183370,this
1183640,which
1184539,is
1184720,a
1184750,sushi
1185080,croissant
1185770,and
1186100,then
1187030,we
1187150,also
1187330,have
1187690,sushi
1188470,doughnuts
1191159,you
1192159,know
1192280,so
1192789,I
1192850,love
1193059,Japanese
1193419,food
1193450,and
1194220,to
1195220,have
1195640,a
1196090,fucking
1196900,sushi
1197799,doughnut
1198570,the
1199570,fuck
1199900,Lee's
1200110,guys
1200289,smoking
1200650,did
1200919,that
1201039,come
1201190,out
1201250,of
1201309,Portland
1201900,do
1202900,you
1202990,think
1203230,that
1203440,chefs
1203770,have
1203980,any
1204220,obligation
1205210,to
1205740,respect
1206740,the
1206950,origins
1207490,of
1207640,food
1207909,or
1208059,else
1208299,fair
1208630,game
1209100,culturally
1210100,yeah
1211740,they
1212740,need
1212950,to
1213100,go
1213429,on
1213490,this
1214120,is
1214270,amazing
1215020,the
1215890,lime
1216250,does
1216610,that
1216760,work
1222320,shit
1223490,and
1224490,then
1224700,one
1224940,more
1225180,for
1225510,you
1225690,but
1226560,have
1226740,you
1226770,heard
1227100,of
1227280,a
1227550,vole
1228180,a
1228330,tease
1228680,malate
1229680,search
1230310,inside
1230760,of
1230940,an
1231030,avocado
1231300,is
1231540,that
1231660,the
1231750,snowflake
1232200,generation
1232740,again
1233010,a
1233420,latte
1234420,in
1235230,an
1235380,avocado
1235610,that's
1236610,fucking
1237090,stupid
1237750,I
1237780,mean
1238140,really
1238470,what
1239130,is
1239160,wrong
1239370,with
1239490,these
1239580,people
1240710,shit
1242780,shit
1243780,are
1244680,you
1244740,out
1244980,of
1245010,things
1245400,in
1245580,the
1245700,back
1245910,now
1246210,I've
1246300,got
1246450,more
1246600,coming
1246810,trust
1247170,me
1248660,do
1249660,we
1249750,really
1249930,have
1250050,two
1250290,more
1250470,to
1250590,go
1251010,just
1251760,two
1251970,more
1252240,to
1252330,go
1252650,fucking
1253650,out
1253800,there
1254310,almost
1254670,there
1255210,thank
1256200,you
1256260,like
1256410,I
1256740,haven't
1257070,cried
1257190,this
1257250,much
1257580,since
1257790,fucking
1258150,IAS
1258480,deals
1258990,funeral
1266090,fucking
1267090,how
1280510,so
1281510,if
1282050,I
1282320,you
1282980,know
1283070,literally
1283610,take
1283820,something
1284060,sweet
1284420,I
1285010,love
1286010,that
1286280,you
1286400,came
1286580,to
1286700,this
1286790,prepared
1287510,thank
1287720,you
1287810,very
1287840,much
1288050,grow
1288410,very
1288710,sweet
1288920,of
1288950,you
1291370,don't
1292370,that
1292790,sweetness
1293150,from
1293270,fucking
1293570,donut
1293870,I
1293930,fucking
1294320,hate
1294440,doughnuts
1294680,well
1295550,because
1295940,I'll
1296030,ever
1296120,look
1296390,like
1296450,a
1296570,fat
1296840,fuck
1297260,so
1297620,I
1297890,am
1298820,counting
1299720,out
1300050,the
1300080,heat
1300350,with
1300500,some
1300620,sweetness
1301420,but
1302420,we're
1302570,sweating
1302720,off
1303020,the
1303200,calories
1303410,too
1303740,at
1303830,the
1303980,same
1304010,time
1304400,you
1304520,know
1304610,that
1304730,donut
1305120,does
1305390,help
1305630,a
1305720,little
1305840,it
1306410,does
1306620,are
1306950,small
1307160,yes
1307700,please
1308050,fuck
1313510,shit
1315280,shit
1316610,that's
1317330,not
1317600,normal
1317810,know
1318380,about
1318680,this
1318830,fucking
1319220,programs
1319610,not
1319730,normal
1320090,you
1320390,know
1320480,that
1320720,killed
1320960,anybody
1321580,we
1322580,haven't
1322880,heard
1323000,from
1323060,Coolio
1323600,in
1323720,a
1323810,long
1323960,time
1325300,fucking
1326300,hell
1326570,seriously
1328000,for
1329000,us
1343370,summer
1344370,knows
1344610,house
1344820,kitchen
1345210,and
1345330,master
1345480,chef
1345990,but
1346230,for
1346380,my
1346559,money
1346860,some
1347220,of
1347309,your
1347429,most
1347610,interesting
1347880,programming
1348540,happens
1349049,outside
1349230,of
1350059,the
1351059,restaurant
1351420,setting
1352190,like
1353190,when
1353370,you
1353460,went
1353610,to
1353670,Brixton
1354210,prison
1354420,teach
1354870,inmates
1355110,how
1355440,to
1355559,cook
1355890,of
1356220,course
1356520,your
1356640,ITV
1357179,documentary
1357600,about
1358170,drug
1358620,abuse
1358710,in
1359010,the
1359100,restaurant
1359520,industry
1360170,what
1361170,was
1361290,your
1361440,most
1361559,harrowing
1361950,experience
1362940,while
1363600,investigating
1364410,illicit
1365070,shark-fin
1365760,trades
1366150,in
1366600,Costa
1366990,Rica
1387990,fuck
1388990,mate
1390240,shit
1393639,our
1394639,experience
1401260,fighters
1402260,it
1404280,take
1404850,your
1404970,time
1407389,oh
1412239,shit
1413239,-
1413959,sex
1419619,shit
1423789,management
1424789,issues
1425029,please
1425209,my
1425509,fucking
1425809,nose
1425929,is
1426109,running
1426379,like
1426499,fucking
1426859,Mo
1427009,Farah
1427249,yep
1428769,Zuzu's
1429769,I'm
1429919,deck
1430489,fucking
1431329,hell
1431479,I'm
1432289,good
1432769,damn
1432979,coming
1433369,through
1434469,thank
1435469,you
1435559,sir
1435769,ah
1440799,man
1441799,my
1442309,fucking
1442639,nostrils
1442999,are
1443119,hot
1444129,every
1445129,hole
1445399,in
1445609,my
1445700,body
1445909,is
1446059,fucking
1446479,stinking
1447049,right
1447229,now
1447409,it
1447619,is
1447799,ringing
1448309,like
1448459,fuck
1450459,most
1451459,Heron
1451759,experience
1452299,for
1452659,me
1452839,would
1453229,be
1454869,sat
1455869,underneath
1456109,phase
1456469,2
1457039,and
1457129,a
1457159,half
1457249,meter
1457549,fucking
1458209,bull
1458389,sharks
1458809,in
1458929,Costa
1459229,Rica
1459559,thinking
1459919,fuck
1460279,while
1460759,you're
1460879,eating
1461149,now
1461289,I'll
1462289,never
1462709,be
1462769,able
1462889,to
1462979,drive
1463190,my
1463339,Ferrari
1463639,again
1465190,chuffing
1466299,deplorable
1467299,the
1467989,decimation
1468379,across
1468799,the
1468950,ocean
1469429,is
1469549,extraordinary
1469940,we
1470570,need
1470749,that
1470869,for
1471019,the
1471079,ecosystem
1471679,so
1472779,fucking
1473779,I
1473869,can't
1474079,even
1474200,talk
1474499,what
1474979,what
1475519,the
1475639,fuck
1475940,have
1476059,you
1476089,done
1476149,to
1476359,me
1476869,shit
1477829,you
1477979,said
1478159,come
1478339,and
1478459,taste
1478609,some
1478729,fucking
1479149,wings
1479329,yeah
1479539,my
1479690,asshole
1480349,really
1483440,fuck
1484440,man
1485100,shit
1492250,all
1492730,right
1492940,Gordon
1493360,here
1494080,we
1494200,are
1494230,at
1494470,the
1494590,finish
1494799,line
1495220,this
1495880,is
1496090,the
1496240,last
1496419,dab
1496780,we
1496990,call
1497200,it
1497320,the
1497409,last
1497590,AB
1497890,because
1498220,it's
1498370,tradition
1498490,around
1498850,here
1498970,to
1499179,put
1499390,a
1499419,little
1499600,extra
1500169,on
1500500,the
1501190,last
1501400,wing
1501730,you
1502030,don't
1502179,have
1502330,to
1502539,if
1502630,you
1502690,don't
1502809,want
1502929,to
1503549,have
1504549,to
1504700,if
1504760,you
1504820,know
1504909,what
1505030,though
1510330,well
1511330,here
1511480,you
1511659,are
1511860,proven
1512860,the
1512980,kids
1513220,wrong
1513570,now
1514570,they
1515020,didn't
1515770,think
1515860,you
1516010,could
1516190,do
1516370,it
1516520,but
1516730,here
1516940,you
1517090,are
1518100,at
1519100,the
1519370,iron
1519640,man
1519850,finish
1520270,line
1520510,of
1520659,chicken
1520990,wings
1525659,really
1526659,I'm
1526960,ready
1531720,hit
1532720,me
1532840,with
1532990,it
1533169,hit
1533350,me
1533470,with
1533590,one
1534720,okay
1545669,hi
1546629,Gordon
1547109,Ramsay
1547499,here
1547950,we
1548099,are
1548570,episode
1549570,8
1550459,season
1551459,8
1551669,episode
1551879,1
1552869,almost
1553619,in
1553799,the
1553889,books
1554159,and
1554429,just
1554849,one
1555059,more
1555299,challenge
1555899,to
1556139,go
1559879,beyond
1560879,me
1561089,you
1561719,know
1561869,you're
1562259,such
1562529,a
1562559,great
1562919,teacher
1563219,such
1563759,a
1563789,drill
1564179,sergeant
1564450,in
1565109,the
1565440,kitchen
1565859,and
1565979,you
1566339,just
1566609,sit
1566820,back
1566849,and
1567299,relax
1567479,because
1568019,I'm
1568320,this
1568559,on
1568769,this
1569279,wing
1569549,what
1569909,I
1569940,want
1570179,to
1570269,do
1570479,is
1570659,make
1570899,you
1571079,perfect
1571919,scrambled
1572369,eggs
1572759,I
1572969,just
1573419,need
1573629,you
1573899,to
1573929,coach
1574559,me
1574769,on
1574799,through
1575219,it
1575539,somebody
1576539,roll
1576779,out
1576929,the
1577079,meson
1577440,floss
1583820,here
1584820,it
1584969,comes
1586249,here
1587249,it
1587279,comes
1592219,holy
1593219,fuck
1596670,ah
1596700,scuse
1597660,me
1599130,it's
1599340,returned
1600299,it
1600450,nearby
1600659,quickly
1601200,Jomon
1601470,oh
1601500,god
1601799,is
1602639,it
1602789,nearby
1602940,this
1603600,right
1604019,into
1604200,the
1604320,green
1604500,room
1604559,right
1605009,into
1605130,the
1605309,green
1605519,room
1611490,let's
1612490,go
1612730,pan
1612970,on
1613060,the
1613120,stove
1613360,yeah
1614220,eggs
1615220,tap-in
1616060,let's
1616960,go
1617050,follow
1617380,me
1617680,tap
1618550,yeah
1618970,and
1619150,then
1619270,in
1619540,yeah
1619840,no
1620290,shut
1620470,again
1621030,good
1622030,tap
1622360,and
1622720,then
1623200,in
1623410,so
1623680,no
1623800,ceases
1624160,at
1624220,Bing
1624340,and
1624430,we
1624520,never
1624670,season
1624970,the
1625030,beginning
1625270,right
1625450,spatula
1626020,spatula
1626590,start
1627430,stirring
1627580,okay
1628270,yeah
1628660,put
1628960,some
1628990,energy
1629170,into
1629500,it
1629650,like
1629770,stones
1630250,you
1630460,don't
1630610,stand
1630760,there
1630850,fucking
1631270,stare
1631480,at
1631600,it
1631720,stir
1632380,stir
1632680,stir
1632790,okay
1633820,in
1634060,break
1634570,it
1634690,up
1634810,make
1635080,sure
1635200,you
1635290,clean
1635440,the
1635470,bottom
1635710,of
1635800,the
1635860,pan
1636040,white
1636310,round
1636430,all
1636610,the
1636670,way
1636730,around
1636970,we
1637390,gotta
1637570,put
1637660,some
1637780,energy
1637870,into
1638170,it
1638260,yeah
1638530,cetera
1639340,cetera
1639730,one
1639880,more
1640060,yeah
1640690,there
1640930,we
1641020,go
1641170,we
1641440,never
1641590,salted
1642010,fur
1642160,we
1642310,solved
1642550,it
1642580,now
1642760,it'll
1643030,actually
1643240,break
1643660,down
1643750,the
1643900,egg
1644140,and
1644320,turn
1644440,it
1644560,watery
1644920,okay
1645670,try
1646540,keeping
1646690,the
1646870,pan
1647020,as
1647110,broke
1647260,he's
1647380,pissin
1647590,all
1647650,down
1647770,the
1647890,side
1648040,as
1648160,well
1648310,yes
1648670,have
1649090,a
1649120,little
1649360,nervous
1649690,I'll
1650050,stop
1650470,it
1650650,come
1650890,on
1650920,Jesus
1651430,Christ
1651670,from
1652420,now
1652600,slice
1652930,up
1653080,the
1653170,butter
1653350,okay
1654040,we
1654640,don't
1654760,put
1654940,the
1655060,seasoning
1655930,into
1656260,the
1656470,very
1656680,end
1656890,no
1657070,seasoning
1658060,yet
1658240,we
1658900,put
1659080,in
1661770,a
1662770,key
1663460,now
1663640,a
1663880,small
1664480,knob
1664600,at
1664720,a
1664750,time
1665290,now
1665500,we
1665560,come
1665770,off
1665890,the
1665920,heat
1667230,back
1668230,on
1668380,there
1668530,now
1668710,see
1669520,you
1669700,got
1669820,to
1669910,get
1670030,down
1670240,around
1670540,all
1671020,those
1671790,therefore
1672790,it's
1672880,better
1673090,yeah
1673360,I
1673420,know
1673540,it's
1673780,not
1673990,only
1674110,that
1674350,I've
1674500,just
1674620,gone
1674800,for
1674980,a
1675040,piss
1675220,and
1675400,now
1675520,I
1675550,just
1675640,touch
1676000,my
1676180,finger
1676570,oh
1676930,why
1677770,my
1678070,legs
1678220,are
1678430,bending
1678730,over
1678820,like
1679030,that
1679150,now
1679420,why
1680050,do
1680110,you
1680200,tell
1680410,me
1680440,just
1680710,with
1680830,some
1680950,gloves
1681190,just
1681340,give
1681520,me
1681610,some
1681760,marigolds
1682000,damn
1682870,that's
1683110,on
1683290,you
1683650,is
1683920,that
1684070,the
1684130,chives
1684400,what
1685390,the
1685540,fuck
1686070,it's
1687070,not
1687130,the
1687250,shit
1687310,you
1687490,smoked
1687700,here
1687880,in
1687970,California
1688450,you
1689020,sure
1689170,their
1689320,choice
1689830,maybe
1690310,oh
1690580,my
1691030,lord
1691420,okay
1691750,oh
1692310,shit
1693310,oh
1693660,Jesus
1694660,Christ
1695260,okay
1696690,from
1697690,there
1698010,back
1699010,off
1699160,the
1699250,heat
1699370,again
1699630,good
1700630,look
1701560,at
1701710,this
1701830,chunking
1702220,together
1705129,kip
1706129,now
1706700,it's
1706849,coming
1706999,together
1707149,now
1707959,that's
1708109,the
1708259,texture
1708499,we
1708619,won
1708739,right
1708769,yes
1709509,okay
1710839,back
1711709,on
1711950,and
1712190,now
1712399,we
1712459,start
1712669,seasoning
1713119,okay
1713979,fucking
1714979,in
1715070,does
1715190,this
1715279,thing
1715459,come
1715639,out
1715759,of
1715909,where'd
1716119,you
1716179,get
1716239,these
1716389,things
1716539,from
1716749,there
1717349,we
1717409,go
1718359,go
1720339,yes
1721339,back
1721549,off
1721729,the
1721820,heat
1724359,what
1726249,good
1727249,now
1728029,to
1728330,slow
1728570,it
1728690,down
1728719,and
1729019,stop
1729229,the
1729349,cooking
1729529,process
1730129,a
1730339,touch
1730820,of
1730849,creme
1731149,fraiche
1731179,in
1731599,there
1731809,mix
1732379,that
1732469,in
1733809,yep
1735249,soak
1736249,up
1736399,the
1736459,spoons
1736729,please
1737829,my
1738829,groins
1739219,fucking
1739639,piping
1740179,hot
1740269,now
1740450,as
1740629,well
1740979,jesus
1741979,christ
1742399,almighty
1742609,and
1742999,then
1743089,from
1743239,there
1743509,finally
1744049,in
1745089,all
1746089,that
1746269,in
1746419,now
1746839,don't
1747109,beat
1747409,them
1747649,thing
1748639,with
1748789,a
1749109,taste
1750109,first
1750739,we're
1751039,going
1751159,to
1751249,take
1751369,it
1751459,out
1751549,until
1751729,you're
1751849,happy
1751909,with
1752059,it
1753999,what
1754999,does
1755089,that
1755149,need
1756700,some
1757700,hot
1757850,sauce
1758000,no
1758360,fucking
1758840,soul
1759610,okay
1760610,now
1760760,we
1760820,don't
1760970,the
1761210,wolf
1761480,fucking
1761929,hot
1762049,sauce
1762289,in
1762500,there
1762679,Jesus
1763520,Christ
1763940,I'd
1764090,be
1764179,fucking
1764539,pissing
1764929,it
1765020,in
1765110,a
1765169,minute
1765409,okay
1766190,there
1767059,text
1767780,your
1767900,booty
1768230,done
1769750,all
1770750,right
1772720,don't
1773720,you
1773840,dare
1774080,pour
1774320,hot
1774409,sauce
1774650,on
1774799,that
1774909,it
1775909,is
1775970,too
1776570,perfect
1776900,the
1777380,way
1777590,it
1777620,is
1777980,and
1778280,thank
1778610,you
1778820,very
1779210,much
1779630,Gordon
1780200,Ramsay
1780740,all
1781549,the
1781789,way
1781940,through
1782270,the
1782450,hot
1782659,ones
1782960,gauntlet
1783590,and
1783799,looking
1784549,like
1785360,a
1785390,million
1785870,bucks
1786320,fuck
1786950,you
1787840,and
1788840,now
1789080,there's
1789289,nothing
1789710,left
1789860,to
1789980,do
1790100,but
1790130,roll
1790429,out
1790520,the
1790669,red
1790789,carpet
1790820,for
1791390,you
1791510,my
1791690,friend
1791990,this
1792440,camera
1792890,this
1793039,camera
1793100,this
1793640,camera
1793700,let
1794419,the
1794510,people
1794659,know
1794809,what
1794990,you
1795110,have
1795200,going
1795350,on
1795500,in
1795559,your
1795799,life
1795919,I'll
1796159,fuck
1796520,off
1796730,right
1797419,now
1797659,I
1797870,need
1797990,to
1798169,see
1798289,a
1798320,fucking
1798830,doctor
1799010,fuck
1799640,yourself
1805809,I've
1806809,eaten
1806929,some
1807169,shit
1807500,in
1807590,my
1807620,time
1808090,fucking
1809090,breast
1809480,milk
1809750,macaroni
1810289,and
1810470,cheese
1810730,this
1811730,has
1812210,to
1812330,be
1812419,the
1812480,worst
1812690,I've
1812929,ever
1813080,fucking
1813620,eaten
1814190,shame
1814640,on
1814669,you
1815000,big
1815360,boy
1820270,hey
1821270,what's
1821390,going
1821570,on
1821659,spice
1822020,Lawrence
1822409,this
1822500,is
1822559,Sean
1822950,Evans
1823190,checking
1823760,in
1823880,to
1824000,say
1824179,thank
1824570,you
1824720,for
1824960,watching
1825440,today's
1825710,episode
1826309,I
1826549,pledge
1827299,that
1827600,I
1827929,will
1827960,put
1828260,up
1828350,a
1828500,new
1828740,hot
1828980,ones
1829250,next
1829880,Thursday
1830360,at
1830450,11
1830780,a.m.
1830900,and
1831260,all
1831740,I
1831770,ask
1832100,in
1832400,return
1832429,is
1833000,that
1833270,you
1833600,smash
1833960,that
1834020,subscribe
1834440,button
1834799,it's
1835549,been
1835730,a
1835760,childhood
1836270,dream
1836720,of
1836750,mine
1837320,long
1837740,before
1837980,YouTube
1838640,was
1838669,invented
1839330,to
1839510,one
1840049,day
1840289,have
1840620,a
1840650,five
1841100,million
1841490,subscriber
1842270,channel
1842900,and
1843049,we're
1843470,pushing
1843710,it
1843980,we're
1844429,getting
1844820,close
1845150,help
1845720,make
1845929,this
1846140,fully
1846470,grown
1846740,adult
1847130,man's
1847400,dream
1847909,come
1848270,true
1848630,who
1849409,appreciates
1849980,you
1850100,spice
1850400,Lords
1850850,I
1851530,do
